time_s,status,altitude_m,vertical_velocity_mps,logged_apogee_m,legacy_apogee_m,safer_apogee_m,legacy_horizontal_speed_mps,safer_horizontal_speed_mps,zenith_deg
601.2388916015625,burn,202.3654022216797,10.68394660949707,0.0,208.18468999212644,208.18468999212644,0.062384302978103115,0.03878067684335025,0.3345502161079086
601.28466796875,burn,203.1138153076172,12.269506454467773,0.0,210.77751219842526,210.77751219842526,0.26914247782903195,0.1253874326611107,1.2566320773206976
601.3099975585938,burn,203.68075561523438,13.27430248260498,0.0,212.6542130908813,212.6542130908813,0.3992404571951395,0.17729775440816267,1.7227194905273133
601.3643798828125,burn,204.73971557617188,15.179533004760742,0.0,216.4743923837891,216.4743923837891,0.43627248760604115,0.27008619335412765,1.6462754797280017
601.399658203125,burn,205.6522979736328,16.593914031982422,0.0,219.69127032800287,219.69127032800287,0.14940721058140413,0.32525862165158265,0.5158620966179663
601.4385375976562,burn,206.73306274414062,18.168970108032227,0.0,223.5530124494019,223.5530124494019,0.2722369502458056,0.3806026076217274,0.8584339696996582
601.4631958007812,burn,207.60183715820312,19.326940536499023,0.0,226.64231823120122,226.64231823120122,0.5301770535962368,0.4114961397247484,1.5713449961600825
601.5146484375,burn,209.11465454101562,21.336551666259766,0.0,232.29844768723427,232.25417407079792,1.1422722285056282,0.45998235532023274,3.0644576458970736
601.5439453125,burn,210.3133087158203,22.784656524658203,0.0,236.58077351589236,236.5928053185425,0.39503259189827483,0.48491611718870603,0.9932751374072268
601.5853271484375,burn,211.91346740722656,24.656909942626953,0.0,242.87478725805667,242.87478725805667,0.22249350099964232,0.5143109113272024,0.5169987895062446
601.6124877929688,burn,213.3654327392578,26.264177322387695,0.0,248.53329000970464,248.53329000970464,0.5625415960084617,0.5328425462690013,1.2270070922911192
601.673583984375,burn,215.8594512939453,28.91012954711914,0.0,258.4596899353027,258.4596899353027,1.0967180030036683,0.604747070285386,2.1724979060998195
601.7035522460938,burn,217.71585083007812,30.810028076171875,0.0,266.09763667382816,266.09763667382816,1.4180951194910894,0.6550797656735359,2.635296583221074
601.746826171875,burn,220.0480194091797,33.076499938964844,0.0,275.8253932016601,275.8253932016601,1.7785681141144134,0.7303378807631897,3.0779073555898866
601.763671875,burn,221.6776885986328,34.685699462890625,0.0,282.998790665039,282.998790665039,1.953607418623091,0.7616403067124032,3.223672130214421
601.7885131835938,burn,223.5851287841797,36.492210388183594,0.0,289.7529144298435,289.5906451852407,2.083414177445929,0.8060706404071863,3.2675849104923143
601.84765625,burn,227.0255126953125,39.506622314453125,0.0,306.57735068457026,306.57735068457026,1.097240845930341,0.892698265368244,1.5909006815274753
601.8682861328125,burn,229.02413940429688,41.33489990234375,0.0,316.08738549138826,316.0995788876882,1.259171539946596,0.9139257416669188,1.7448430068575134
601.91064453125,burn,231.99830627441406,43.81517791748047,0.0,329.7352205430099,329.77019317026065,1.9760920240403574,0.9058048580308175,2.582325691443275
601.9365844726562,burn,234.31617736816406,45.78502655029297,0.0,340.755943217345,340.87957566672776,2.5329809883632115,0.9026493722298833,3.1665664126678257
601.9950561523438,burn,238.37689208984375,48.86293029785156,0.0,353.1779898028353,352.85374986198195,1.4396338422955635,0.8402597257564212,1.6876001519189887
602.0148315429688,burn,240.668212890625,50.80244827270508,0.0,365.8386633543783,365.5385091399011,1.400118800067974,0.8163827235599358,1.5786758168519162
602.0545043945312,burn,244.16539001464844,53.457489013671875,0.0,382.3202170833681,381.9188889268833,1.6038676724295562,0.7783786734180698,1.7185111335032333
602.0856323242188,burn,247.30984497070312,55.86183166503906,0.0,398.1458748946114,397.4251644061425,1.818743591498701,0.7615881189933766,1.8647712035642996
602.1524047851562,burn,252.80654907226562,59.53146743774414,0.0,423.63305551431296,423.095471434426,1.7476757283902604,0.7906875466928245,1.6815592764849354
602.1748046875,burn,255.86102294921875,61.93001937866211,0.0,440.21751093912656,439.77072970260764,1.8537493014856097,0.8106532856751095,1.7145208089240649
602.2094116210938,burn,259.76519775390625,64.71123504638672,0.0,458.7475266637318,457.7114110399625,2.362746878973105,0.85015460394486,2.091063695059873
602.231201171875,burn,262.8334045410156,67.02874755859375,0.0,468.32857532335436,473.7495510276594,3.188181204828132,0.8542426626854908,2.7231861768003287
602.2645263671875,burn,266.6947937011719,69.63439178466797,0.0,495.1614577994559,493.6816544054517,3.4674190180364204,0.8634536282524893,2.8506678156772085
602.2932739257812,burn,270.323974609375,72.10530090332031,0.0,514.2189565906384,514.6120403729362,3.2054964725407054,0.865467857595545,2.5454518479919033
602.317138671875,burn,273.640625,74.40409088134766,0.0,531.4527428020144,531.992522803822,3.280767361852066,0.8637517827515874,2.5247595764579382
602.3471069335938,burn,277.4852600097656,76.8873062133789,0.0,550.918104562401,551.3309836638387,3.532598556785751,0.8637960689098122,2.6306129944411496
602.3787231445312,burn,281.54791259765625,79.42232513427734,0.0,571.4778614435475,571.6392718324029,3.7901366170332897,0.8698146440007404,2.7321563496146712
602.4013061523438,burn,284.9643249511719,81.69807434082031,0.0,590.1016140306602,589.8720933721813,3.9239479920945395,0.8693015437459778,2.7497957400330524
602.428466796875,burn,288.8899841308594,84.17525482177734,0.0,610.8669930721408,609.9719280580591,4.078931158909419,0.8755794923473796,2.7742461097144053
602.4454345703125,burn,291.9656066894531,86.30694580078125,0.0,628.6038161075994,627.3143852623739,4.2229405590514695,0.8710018112322881,2.8012097755669116
602.4653930664062,burn,295.2703857421875,88.45564270019531,0.0,646.7211695176128,645.2918152763566,4.4477673604217784,0.864372357676539,2.878548434425789
602.4951782226562,burn,299.4954528808594,90.8861312866211,0.0,667.7664552242649,666.2160107653548,4.92215686559043,0.8543553248301853,3.0999622498632693
602.5150146484375,burn,302.8172912597656,92.9566650390625,0.0,686.2440728235237,684.0523265977758,5.26144432176189,0.837949350093812,3.239544422628473
602.5421142578125,burn,306.82391357421875,95.19636535644531,0.0,706.6275521085937,704.4929992104711,5.086624332803717,0.8205554544280778,3.0585749320309885
602.5620727539062,burn,310.1801452636719,97.19682312011719,0.0,724.6578263425918,722.7373304828441,5.086583879617392,0.8006180005050171,2.995716914542773
602.598388671875,burn,315.2181091308594,99.69924926757812,0.0,748.1378480211603,746.2746055406727,5.1327121365845185,0.7528498156357393,2.947096853266272
602.6201782226562,burn,318.873046875,101.76554107666016,0.0,767.1842168475326,765.5116457077361,5.147566919277053,0.7309533331144352,2.895702241082865
602.6513061523438,burn,323.56585693359375,104.12792205810547,0.0,789.7186409278494,788.1758836682468,5.025311943254649,0.7118654416830031,2.7630046855576222
602.6716918945312,burn,327.1642150878906,106.13516235351562,0.0,808.7495928455489,807.2765455005745,4.904630105049528,0.7081050126713416,2.64582275850571
602.7045288085938,burn,332.1283264160156,108.48885345458984,0.0,831.898017044074,830.5067364534307,4.668328197710195,0.7234166537099441,2.463945279635437
602.7265625,burn,335.989013671875,110.52210998535156,0.0,851.6488306990634,850.2352522270438,4.6070500227777496,0.7277290749425689,2.386959442735873
602.7576293945312,burn,340.9011535644531,112.81130981445312,0.0,874.6228002846084,873.2305330472252,4.692760213689793,0.7444763304012176,2.382034449457471
602.779541015625,burn,344.786865234375,114.7748031616211,0.0,894.0634076951728,892.6106792760801,4.882538766599225,0.7480059082635396,2.4359030842243032
602.8078002929688,burn,349.4300537109375,116.89873504638672,0.0,915.6132421000582,914.0251189638395,5.194149923283708,0.7655625814881795,2.544144293652669
602.838134765625,burn,354.4166564941406,119.10930633544922,0.0,938.4666867305423,936.5744664040818,5.516650268194354,0.7738516526033867,2.651808352096168
602.8679809570312,burn,359.4187927246094,121.30720520019531,0.0,961.1857383846902,959.0662558667364,5.745599326290079,0.7717280725966499,2.711733016779275
602.8997802734375,burn,364.7611389160156,123.5847396850586,0.0,985.1188073210027,982.7640591310171,6.033001641355508,0.7613789325027036,2.7947733894912323
602.9310913085938,burn,370.1152648925781,125.83812713623047,0.0,1008.8758167568005,1006.3803450230129,6.365221209233215,0.7481826174511379,2.895702241082865
602.9541625976562,burn,374.5543518066406,127.90340423583984,0.0,1030.423257655165,1027.6601965603197,6.614829464329146,0.7431008119600887,2.9605501914970813
602.9815063476562,burn,379.5379638671875,130.03529357910156,0.0,1053.0536558367655,1050.1768860375548,6.700665638566442,0.7231295041542527,2.949819110537345
602.9985961914062,burn,383.20416259765625,131.83631896972656,0.0,1071.6917678094933,1068.798318860625,6.736277946162689,0.7144901381902072,2.9250280851711374
603.0186767578125,burn,387.2449035644531,133.6732635498047,0.0,1091.0192021107366,1088.129574723406,6.737307709700069,0.6970014762553602,2.8853408441119552
603.0482788085938,burn,392.62664794921875,135.80311584472656,0.0,1114.272889278255,1111.4034321255813,6.812498504368941,0.7081087054501661,2.8718081049320445
603.0681762695312,burn,396.6920471191406,137.59161376953125,0.0,1133.3478530996556,1130.4108677557067,6.929731968421345,0.7002199489955843,2.8832367189607684
603.1006469726562,burn,402.522216796875,139.5704803466797,0.0,1155.8313807266677,1152.519398100165,7.411239173330417,0.6611305581842376,3.0395703575522512
603.1204223632812,burn,406.6260986328125,141.0782012939453,0.0,1172.7200228774695,1169.189199493515,7.568511557813358,0.6287477223000678,3.0708391770159813
603.1553955078125,burn,413.0421447753906,142.640380859375,0.0,1192.2418237882819,1188.7309769029139,7.649135216079637,0.5727728244750322,3.0695640660753045
603.1915893554688,coast,419.72998046875,143.91024780273438,573.7308349609375,1209.7821092457502,1205.9640082112687,7.862073605892142,0.5283262015655326,3.127062092612353
603.2294921875,coast,426.72833251953125,144.82164001464844,582.7650756835938,1224.4770887178308,1220.5598168878414,8.075875262693913,0.5091959988695884,3.191752521788836
603.2637329101562,coast,433.2304992675781,145.6020050048828,591.270751953125,1237.5552714371415,1233.462781675231,8.068417441073777,0.5039002562120206,3.171755435446331
603.3114013671875,coast,441.72198486328125,146.1209716796875,600.8778076171875,1250.367014602056,1246.8485433114838,7.31857759705124,0.5170921480331602,2.8673057296085367
603.3555297851562,coast,449.71929931640625,146.69967651367188,609.9998779296875,1263.3591452345765,1260.0929863577478,7.115049934890822,0.5057205626026438,2.7767145827691304
603.3961181640625,coast,457.19354248046875,147.34881591796875,619.097900390625,1276.1557012900946,1272.7835643181934,7.1416258570855575,0.5147002325285032,2.7748106675379893
603.4290161132812,coast,463.52374267578125,148.0304412841797,626.8328857421875,1288.399740455065,1285.148892468019,7.07606913404705,0.5142706985361785,2.7367379124438687
603.4743041992188,coast,471.73419189453125,148.57350158691406,636.1553344726562,1301.2253860594537,1298.2016305040354,6.834154476607149,0.5102576369927964,2.6336620335753254
603.5057983398438,coast,477.9232177734375,149.3325958251953,643.6107788085938,1312.832894208345,1309.7766395743795,7.491554786594442,0.502869660547094,2.871944495272033
603.5429077148438,coast,484.911376953125,149.8910369873047,652.467529296875,1325.406307701204,1320.985843858568,8.457143045485767,0.4576215044050576,3.2293151471293213
603.5827026367188,coast,492.2566833496094,150.4341278076172,661.041015625,1337.4375488904461,1332.9927023330229,8.482673817369777,0.41588678123534417,3.2273745196313914
603.6362915039062,coast,501.6665344238281,150.63328552246094,670.6810913085938,1348.574368226347,1344.7885070664734,7.7987216439151705,0.3933244912170391,2.963722387479729
603.6753540039062,coast,508.8666076660156,151.04611206054688,678.6521606445312,1359.1364273450483,1355.3477009333274,8.08234022005547,0.40887222703748055,3.062924054984994
603.7193603515625,coast,516.8250122070312,151.36349487304688,687.8584594726562,1369.7604508237284,1365.4177191378549,8.38261398022326,0.4216350251788916,3.1698414883748467
603.7579345703125,coast,523.9818115234375,151.77835083007812,695.6459350585938,1380.6068695310153,1376.5593233774885,8.322140683194664,0.4136423309443011,3.138435424797482
603.7949829101562,coast,530.8678588867188,152.1620635986328,703.4877319335938,1390.7674023325392,1386.5957382985375,8.42815554113204,0.40936699543000554,3.1703356098726148
603.839599609375,coast,538.9088134765625,152.4184112548828,712.1209106445312,1400.9199492472433,1396.8256990811692,8.406192260695585,0.4479904094126304,3.15678323389884
603.8729248046875,coast,545.36669921875,152.93724060058594,719.8875122070312,1411.7695130330922,1407.6120877046794,8.357915509234939,0.47038101549810735,3.128063569099406
603.9231567382812,coast,554.358642578125,153.11868286132812,729.3182373046875,1422.20088801985,1418.3291023939257,7.945960310468218,0.48883626394165575,2.970649693402003
603.9675903320312,coast,562.4256591796875,153.35177612304688,737.7731323242188,1432.292834718532,1428.8253365617359,7.519691872297576,0.4880113822251926,2.807282667512699
604.0096435546875,coast,570.0336303710938,153.53164672851562,745.6771240234375,1441.4060609868245,1438.0673084517082,7.434277857891191,0.46618894762625585,2.772199187397517
604.0426635742188,coast,576.1817016601562,153.79144287109375,752.3761596679688,1449.7093097150328,1446.2799647327208,7.6496692652137055,0.45776965172560463,2.84757608786072
604.079833984375,coast,582.906982421875,153.92791748046875,759.5557861328125,1457.6221220655964,1454.0123454698671,7.72061908072803,0.43754347440294117,2.87139914735549
604.1271362304688,coast,591.1193237304688,153.8351287841797,767.591796875,1464.950475786699,1461.4907123879923,7.409533525845662,0.43224946000283343,2.7575441627596087
604.1724243164062,coast,599.1021118164062,153.84097290039062,775.4359741210938,1472.973692364535,1469.874193160569,7.029097379773272,0.44563485676559506,2.616063197405141
604.2042846679688,coast,605.0403442382812,154.09046936035156,782.00390625,1481.0086631350027,1477.958920109585,6.941196821986606,0.486606047635456,2.579216034380215
604.254638671875,coast,613.7527465820312,153.95761108398438,790.367919921875,1488.548035605766,1485.4993213338448,7.073404426839806,0.5499642932241019,2.630538502690514
604.2954711914062,coast,620.9385375976562,153.93756103515625,797.5703125,1495.5079037665985,1492.4755127952672,6.967328914783546,0.5574751581652753,2.5914811331388536
604.3453369140625,coast,629.4644775390625,153.73037719726562,805.5325317382812,1502.2242517549319,1499.3521926408862,6.791691347950586,0.5644939275400276,2.5296391062896775
604.3848266601562,coast,636.2936401367188,153.63174438476562,812.0684204101562,1508.1745605882402,1505.3230168591238,6.792321039214236,0.5486426188278498,2.53149542364004
604.4304809570312,coast,643.9707641601562,153.36459350585938,819.0574951171875,1513.506383924045,1510.5539490476085,6.964452918614381,0.5248925829845938,2.600077353096138
604.4705200195312,coast,650.9381103515625,153.31689453125,826.0209350585938,1520.0381915381786,1517.0202696482693,6.93173913829191,0.521010067844685,2.588684811003968
604.5153198242188,coast,658.5674438476562,153.14797973632812,833.242431640625,1526.1614897453064,1523.322184318146,6.645744640560189,0.528591384441484,2.4847496089604726
604.559814453125,coast,666.079345703125,152.93038940429688,840.10302734375,1531.786859888801,1529.0950233496608,6.5112671707060805,0.5083281798998251,2.4379912011196234
604.611083984375,coast,674.5630493164062,152.57177734375,847.64892578125,1537.0714705231767,1534.2006524379738,6.893005506359902,0.5037260537832992,2.5867939158209325
604.6439208984375,coast,680.1914672851562,152.48150634765625,853.1734008789062,1541.9661687632347,1538.8502703974266,7.145882034070361,0.503384475816058,2.6831420583570136
604.6798706054688,coast,686.2379150390625,152.31141662597656,858.8582763671875,1546.5874102552639,1543.3882537393665,7.2263822967669435,0.5015648183637648,2.7163489439977346
604.7243041992188,coast,693.5208129882812,151.96954345703125,865.3594360351562,1550.9077157100307,1547.7402515236538,7.14724842286361,0.5060604504590296,2.692681911636817
604.7673950195312,coast,700.53125,151.62037658691406,871.5608520507812,1554.888567690549,1551.7639628397385,7.058355583803148,0.5241823716011517,2.6653556054280654
604.8190307617188,coast,708.7963256835938,151.12362670898438,878.7033081054688,1558.7774752781838,1555.9084012383169,6.602503572171416,0.5406227468787471,2.5016285005034553
604.8630981445312,coast,715.8406982421875,150.6974639892578,884.6595458984375,1562.209964514036,1559.5659836541656,6.196033026872065,0.5576100818694386,2.354430453370276
604.9076538085938,coast,722.9039306640625,150.25387573242188,890.6300659179688,1565.450506674963,1563.1145047161997,5.790085413726618,0.5771355835913462,2.206820887339603
604.9463500976562,coast,729.0559692382812,149.89163208007812,895.7939453125,1568.5333917930711,1566.3971493543288,5.5556054939276365,0.5900963643918327,2.1226475569990697
604.9843139648438,coast,735.0491943359375,149.51979064941406,901.2228393554688,1571.3201081274092,1569.2126850556288,5.523964913510758,0.5987882055739936,2.115813525847649
605.0247802734375,coast,741.3890991210938,149.08981323242188,906.5120239257812,1573.9413191688986,1571.7790678999113,5.6400341550619455,0.5658764039223635,2.16645340212777
605.0671997070312,coast,747.9712524414062,148.61685180664062,912.0989990234375,1576.511403793673,1574.2481505740056,5.685845880430944,0.5451779474515385,2.1909774097861123
605.1001586914062,coast,753.1055908203125,148.27305603027344,916.547119140625,1578.5597196360523,1576.3365286739702,5.448823797856863,0.49948429779493664,2.1045913115979062
605.1427612304688,coast,759.6080322265625,147.74147033691406,921.75390625,1580.5021844930004,1578.6311004286576,4.829617291126573,0.48310993827881976,1.8723123727382285
605.181396484375,coast,765.476318359375,147.26258850097656,926.5286865234375,1582.0921355373523,1580.597557204549,4.1105261861377125,0.490414482162056,1.5988763147656404
605.2254638671875,coast,772.1409301757812,146.71377563476562,931.782470703125,1584.3361735881829,1583.1241402375617,3.6247283059598647,0.5314819949128953,1.4152685568795327
605.268798828125,coast,778.7625732421875,146.24232482910156,937.1966552734375,1587.028622475221,1585.9795730379299,3.4290050503231577,0.56969659225268,1.343192025167621
605.3190307617188,coast,786.3494262695312,145.65501403808594,943.4937133789062,1589.552222838303,1588.5742651406767,3.301045797589765,0.6140748250389568,1.2982980455267736
605.35595703125,coast,791.9639282226562,145.25465393066406,948.1385498046875,1591.8208904512558,1590.8996626429416,3.193391107627244,0.6320792308925253,1.2594320279935796
605.403076171875,coast,799.0171508789062,144.69332885742188,953.914794921875,1594.0664854003082,1593.276649669694,2.8867656181760473,0.6345453972444225,1.1429521163222978
605.444091796875,coast,805.1210327148438,144.19595336914062,958.7720947265625,1595.9590703217802,1595.2096501719623,2.872097137129964,0.6381640827270179,1.1410673042764916
605.4930419921875,coast,812.3104248046875,143.5541534423828,964.8330688476562,1597.7083660269077,1596.8697653260278,3.027188130710984,0.6213233107441766,1.2080416846784037
605.5271606445312,coast,817.3424072265625,143.128662109375,968.9747924804688,1599.105711888189,1598.254717327632,3.0250899690785316,0.6034559907801677,1.2107923299232148
605.5643920898438,coast,822.7748413085938,142.6371612548828,973.3648681640625,1600.296264834734,1599.483588793676,2.8838635150343825,0.5875305998554327,1.1582584635305906
605.6139526367188,coast,829.888427734375,141.92269897460938,978.9124755859375,1601.3146823130614,1600.5939956271286,2.526597119768817,0.5667798243525101,1.019907752528399
605.6531982421875,coast,835.48291015625,141.35357666015625,983.1988525390625,1602.1120726792776,1601.5972988811632,2.1027462741999865,0.5691438280673256,0.8522571841732923
605.6971435546875,coast,841.7210083007812,140.72003173828125,987.9158935546875,1603.1110580429342,1602.6657748767802,2.0285864233388864,0.5935365027684896,0.8259050870557667
605.7357177734375,coast,847.1480712890625,140.1465606689453,992.088623046875,1603.7178400746154,1603.2584641346932,2.0735260250463634,0.6270830667252147,0.8476527828990575
605.7796630859375,coast,853.3886108398438,139.55545043945312,997.118408203125,1604.912882068089,1604.4615058143556,2.0636551596624817,0.6523144181833067,0.8471909447172883
605.8177490234375,coast,858.79931640625,139.0646514892578,1001.4912719726562,1606.0922361212527,1605.7032530371237,1.9080665596368072,0.6687911166692414,0.7860897799496467
605.86328125,coast,865.2274169921875,138.46194458007812,1006.5253295898438,1607.532600129791,1607.2406235731348,1.5985568668221943,0.6742014091297617,0.6614560631523977
605.90380859375,coast,870.891845703125,137.90457153320312,1010.8568115234375,1608.5803714480962,1608.3524588850637,1.437178100431863,0.66752533541711,0.5970886805793149
605.9493408203125,coast,877.1693115234375,137.23765563964844,1015.9686279296875,1609.2123999818339,1608.954795341976,1.5950168533516165,0.648329934876513,0.665878610639981
605.9857788085938,coast,882.1588134765625,136.6922607421875,1019.8648071289062,1609.6379165690576,1609.2932950873799,1.782323093444544,0.6305449109497522,0.7470342780278378
606.0264282226562,coast,887.6880493164062,136.0817108154297,1024.1302490234375,1610.0208228744007,1609.5919304156068,1.9924368628616527,0.6021458701580387,0.8388347418763066
606.05810546875,coast,891.98388671875,135.6055450439453,1027.5706787109375,1610.0694295125859,1609.6430450012506,1.8973653396217705,0.5505339910470071,0.8016186419144938
606.105224609375,coast,898.316162109375,134.8787078857422,1032.3670654296875,1610.043137367098,1609.8277494160238,1.1633297854133076,0.5093548592337658,0.49416423981127544
606.146240234375,coast,903.7509155273438,134.20877075195312,1036.1295166015625,1610.413010745786,1610.4071170389104,0.5423740666597597,0.5212689425459313,0.23154653447332638
606.191162109375,coast,909.6498413085938,133.46237182617188,1040.2938232421875,1610.0725589096294,1610.014045828293,0.7738270958656807,0.5406782904893217,0.3322024719828489
606.2267456054688,coast,914.4384155273438,132.9802703857422,1044.157958984375,1610.8244098674365,1610.6669670697745,1.1542850988781226,0.5627980905446259,0.49732192164193695
606.2679443359375,coast,919.938720703125,132.39999389648438,1048.58740234375,1611.4592431460264,1611.2711727086123,1.3194158676937968,0.6067045999891036,0.5709551495152296
606.3060302734375,coast,924.9415283203125,131.82412719726562,1052.3939208984375,1611.6974993747497,1611.4986225183952,1.327015312808715,0.6539095686693868,0.5767518456864549
606.3480224609375,coast,930.4452514648438,131.20431518554688,1056.8558349609375,1612.0278821190025,1611.8448668559774,1.3710985794283854,0.7089311962337698,0.598724991133209
606.3790283203125,coast,934.47216796875,130.73228454589844,1059.910888671875,1611.9912128672788,1611.7315036534335,1.6738476950233232,0.730253989384343,0.7335538324837598
606.408935546875,coast,938.3265380859375,130.2636260986328,1062.9052734375,1611.998841607628,1611.6083460586353,2.0870940519316385,0.7313569480823149,0.9179189409549455
606.4478759765625,coast,943.3215942382812,129.64926147460938,1066.7796630859375,1611.9194394766723,1611.3801094336902,2.429544933233132,0.7058332315167445,1.073560916171259
606.4854736328125,coast,948.1061401367188,129.04811096191406,1070.4058837890625,1611.6908890453178,1611.0783322307298,2.509379848768103,0.6683427178408046,1.1139935016236189
606.5353393554688,coast,954.5060424804688,128.30552673339844,1075.314697265625,1611.9698007896666,1611.4023046860837,2.343154761245036,0.6153222657230866,1.046236744396623
606.5775146484375,coast,959.9457397460938,127.72738647460938,1079.5369873046875,1612.64650955522,1612.118697505056,2.2653102748576237,0.5803867129964941,1.0160633165210338
606.622802734375,coast,965.757080078125,127.10804748535156,1083.9996337890625,1613.2746210538844,1612.6403813001593,2.600828304606458,0.5287488902803692,1.172197172079294
606.653564453125,coast,969.6555786132812,126.65876770019531,1087.028076171875,1613.3816439614916,1612.5828746683037,3.034847148611188,0.5070209514984966,1.3725908669026485
606.688720703125,coast,974.0867309570312,126.14937591552734,1090.51123046875,1613.569575226993,1612.5243031647287,3.578710236202525,0.496679318080047,1.624978416287373
606.7291870117188,coast,979.1293334960938,125.5383529663086,1094.4542236328125,1613.7263892221006,1612.4333475740686,4.033274289802998,0.5025487975154761,1.8401558421258084
606.77392578125,coast,984.6431884765625,124.8355484008789,1098.6693115234375,1613.4957937705058,1612.0747056253513,4.203030094890033,0.5290514737772214,1.928336572518435
606.80419921875,coast,988.3086547851562,124.32513427734375,1101.6983642578125,1613.001602553131,1611.5799867437108,4.141516808975571,0.5560507048874374,1.9079305285993755
606.8411254882812,coast,992.8055419921875,123.73822784423828,1104.978515625,1612.656217360838,1611.3617294432604,4.1206349058605385,0.6011321468919448,1.9073149578004283
606.8720092773438,coast,996.515380859375,123.22338104248047,1107.7625732421875,1612.1616318042782,1610.7737080490333,4.313320047459843,0.6259313432166491,2.0047670296611124
606.9098510742188,coast,1001.0989379882812,122.63899993896484,1111.176513671875,1611.7759135796116,1610.2841183790572,4.676246647893126,0.6523253727286685,2.1836402925136373
606.9403686523438,coast,1004.8031005859375,122.18711853027344,1114.0665283203125,1611.6778466952362,1609.943642078561,5.203693109520989,0.6644313548093268,2.438633452345016
606.975341796875,coast,1009.0436401367188,121.68035125732422,1117.426025390625,1611.7733157438747,1609.6831605512934,5.809489157697287,0.6645999079646562,2.7334457612639227
607.0047607421875,coast,1012.5963745117188,121.24897003173828,1120.2598876953125,1612.01097174098,1609.5835668287366,6.2800730836772045,0.6539298607543771,2.9649772212963073
607.0413818359375,coast,1016.9864501953125,120.7031478881836,1123.6781005859375,1612.0118377330687,1609.2787141834444,6.720677370646331,0.6269845467034052,3.1869033009215384
607.0742797851562,coast,1020.91259765625,120.21910095214844,1126.74951171875,1612.1219938518982,1609.208825535672,6.862795243817672,0.6078833443109183,3.2672254717872424
607.1167602539062,coast,1025.962646484375,119.598388671875,1130.7081298828125,1612.2408032290548,1609.266225360596,6.79175654609988,0.5912307256803966,3.250223423395788
607.1475830078125,coast,1029.5966796875,119.13463592529297,1133.4635009765625,1612.0653108318315,1609.2168180494175,6.564958799951074,0.5756320718454098,3.1541154046977153
607.1808471679688,coast,1033.4940185546875,118.62671661376953,1136.3035888671875,1611.9068461172023,1609.3534183378945,6.282381428280701,0.5557129169262149,3.0315092402277553
607.2322998046875,coast,1039.574462890625,117.92273712158203,1141.3065185546875,1612.38339969192,1610.075607139167,6.064172805083523,0.5448061831844994,2.9438403471360566
607.2766723632812,coast,1044.767333984375,117.29278564453125,1145.3226318359375,1612.4075729335527,1610.104679024067,6.257043937849312,0.544937161605123,3.0535784352097126
607.3206176757812,coast,1049.8800048828125,116.67094421386719,1149.48974609375,1612.6086513985904,1610.002540357972,6.422093186486516,0.5597799080367514,3.150637771193121
607.3533325195312,coast,1053.653564453125,116.19300079345703,1152.37646484375,1612.4777034784217,1610.1149945993702,6.067005367258284,0.5620384717313033,2.9889787194831436
607.3952026367188,coast,1058.459716796875,115.58563232421875,1155.989013671875,1612.5528351007517,1610.4533322186235,5.6717542440638615,0.5672757192049753,2.80923439406803
607.4257202148438,coast,1061.9237060546875,115.1242446899414,1158.5689697265625,1612.365395655902,1610.442802134516,5.460738675538183,0.5687740037315238,2.7157002894699946
607.4619750976562,coast,1066.0418701171875,114.59660339355469,1161.681884765625,1612.2976768650874,1610.499590619697,5.294456864643919,0.5798010911228326,2.645230879925446
607.4927978515625,coast,1069.5128173828125,114.1368179321289,1164.27880859375,1612.1475065719435,1610.3651816152956,5.258273280951231,0.5906921099870452,2.637746486698993
607.5368041992188,coast,1074.4686279296875,113.49809265136719,1168.07763671875,1612.024060208033,1610.2480389220752,5.313314785229993,0.6013598865304796,2.680295363576999
607.5656127929688,coast,1077.677001953125,113.06465148925781,1170.50537109375,1611.785851783644,1609.9859170485977,5.350913932831479,0.6078879758635681,2.7095665661519117
607.6034545898438,coast,1081.87890625,112.50442504882812,1173.704345703125,1611.6026601194235,1609.7562077323225,5.385048575577717,0.618136368757134,2.7403833124699517
607.64208984375,coast,1086.1190185546875,111.9153060913086,1177.238525390625,1611.190916672529,1609.3318893045227,5.419001637715447,0.6247035584634827,2.77212853762829
607.6812744140625,coast,1090.3968505859375,111.31710052490234,1180.5048828125,1610.7974343557635,1608.903809043952,5.398280850969227,0.629404964170084,2.77636218769664
607.710205078125,coast,1093.5615234375,110.8897476196289,1182.9375,1610.6089287385948,1608.7742675274224,5.3333340940881,0.6286129664692348,2.7535660044548993
607.7435302734375,coast,1097.2586669921875,110.45084381103516,1185.863525390625,1610.8691541231606,1609.0819948821184,5.297645111474246,0.6295941854729876,2.7460203529693277
607.78271484375,coast,1101.541259765625,109.9014892578125,1189.18798828125,1610.8908905318806,1609.1190061376783,5.258123176118538,0.6254205675748578,2.739168606014747
607.8226928710938,coast,1105.888916015625,109.3432388305664,1192.5748291015625,1610.888267708576,1609.1774707285308,5.234283978719004,0.6151572601903822,2.7406688997546227
607.8624877929688,coast,1110.1864013671875,108.78170013427734,1195.874267578125,1610.7755154865772,1609.120133385565,5.295816705551968,0.6059746336373216,2.787128486819284
607.9036254882812,coast,1114.59375,108.19491577148438,1199.2705078125,1610.5755162641935,1608.8619739022968,5.547654886151086,0.6007861896545444,2.935249676707473
607.9364624023438,coast,1118.113525390625,107.74091339111328,1202.03955078125,1610.4949897782892,1608.627460163137,5.894809181679858,0.6020098302106922,3.131691253322329
607.9683837890625,coast,1121.513916015625,107.29163360595703,1204.8851318359375,1610.351275278959,1608.0284378883177,5.787105786025705,0.5935222004867106,3.087433121604527
608.0101928710938,coast,1126.0062255859375,106.74909973144531,1208.331298828125,1610.755123491723,1608.9454425292267,5.1240871489604025,0.5841506926812129,2.7481579887361303
608.039794921875,coast,1129.2701416015625,106.42973327636719,1210.9404296875,1611.7108471334855,1610.2294047075306,4.806251440166827,0.5747004258811909,2.5856586103148294
608.07275390625,coast,1133.0909423828125,106.22486877441406,1214.644287109375,1613.9967582271418,1612.706098122676,4.6799799743247235,0.569508901355581,2.5226654831470943
608.1019287109375,coast,1136.7867431640625,106.26840209960938,1218.4072265625,1618.018788687478,1616.7322759918056,4.713942845599559,0.5721871481972028,2.539909149480438
608.1452026367188,coast,1142.458740234375,106.46121215820312,1224.0740966796875,1625.1216098224536,1623.790761976408,4.884998361420098,0.5742275307804816,2.6271878680157994
608.185546875,coast,1148.131591796875,106.9057388305664,1230.5357666015625,1634.1902212520226,1632.710900036737,5.138129313687862,0.5842919131320078,2.751646080967891
608.2266845703125,coast,1153.9593505859375,107.34717559814453,1237.1571044921875,1643.3807836082383,1641.780325038264,5.345700126191169,0.5985228183771514,2.8508737885693667
608.2568359375,coast,1158.5496826171875,107.8928451538086,1242.71484375,1652.1973168264878,1650.4432259080522,5.5414766185941895,0.6051596805205851,2.9401808598448107
608.2938232421875,coast,1163.7476806640625,108.19279479980469,1248.4549560546875,1659.70705971024,1657.8155063016168,5.729686333092804,0.6152976884518546,3.0314445668740517
608.3350219726562,coast,1169.2462158203125,108.28850555419922,1254.165283203125,1665.957105209497,1663.908228135792,5.9144510877419,0.6316208167788213,3.1262480194406517
608.3792114257812,coast,1174.894775390625,108.18096923828125,1259.6590576171875,1670.7717759404402,1668.6897126947872,5.926812505192919,0.6549506920601551,3.1358768786230775
608.4093627929688,coast,1178.8253173828125,108.17063903808594,1263.5855712890625,1674.6090441308063,1672.533359199799,5.85321655548453,0.6677480185141936,3.0973087213707196
608.4481201171875,coast,1183.490234375,107.84637451171875,1267.65625,1676.762064841538,1674.8260870604795,5.741854790362218,0.6607283292066295,3.0476103439790028
608.489990234375,coast,1188.2969970703125,107.33097839355469,1271.53515625,1677.5308648571445,1675.6910360450127,5.77718393693515,0.6503612817123287,3.0810223487382356
608.5399169921875,coast,1193.77880859375,106.55809020996094,1275.760009765625,1677.133686101996,1675.131094281843,5.907478348023413,0.6519999079459559,3.1731748341332247
608.578369140625,coast,1197.8863525390625,105.89090728759766,1279.06982421875,1676.0898699241725,1674.1316887979528,5.870147306157434,0.658945305824228,3.1729897786953996
608.6245727539062,coast,1202.712890625,105.0429916381836,1282.5291748046875,1674.4146875124081,1672.504676334547,5.579594068289704,0.6535219185767552,3.040536402432985
608.6546020507812,coast,1205.7978515625,104.47391510009766,1284.659423828125,1673.1120627763871,1671.3806332986471,5.291850013671048,0.6527626689597535,2.89968808335039
608.6968383789062,coast,1210.0677490234375,103.62710571289062,1287.4952392578125,1670.9494534830737,1669.4713274896276,4.837426455866192,0.6431053377331875,2.672689307605955
608.7365112304688,coast,1213.9886474609375,102.8029556274414,1290.0140380859375,1668.638781181257,1667.3350264485916,4.425231648353746,0.6324356111201956,2.464818903518964
608.7698364257812,coast,1217.1903076171875,102.05550384521484,1291.9481201171875,1666.1775533211987,1665.0687539678831,4.083182381108434,0.6201200581088994,2.291149391040342
608.8046264648438,coast,1220.486572265625,101.25732421875,1293.885009765625,1663.5205382734125,1662.545386716398,3.727639480129297,0.5971376545666618,2.10830778828004
608.835205078125,coast,1223.3370361328125,100.54157257080078,1295.527099609375,1660.9906678423806,1660.1113747538584,3.4170305139963153,0.5821998559141341,1.9465191764192435
608.8709106445312,coast,1226.6744384765625,99.74551391601562,1297.8594970703125,1658.4960134880466,1657.7425431866864,3.059549747004731,0.574132759997448,1.7569145124418648
608.8997802734375,coast,1229.291748046875,99.06250762939453,1299.37890625,1656.1570750361616,1655.5247821561074,2.860478596221687,0.5646074941537579,1.6539842019800073
608.9398193359375,coast,1233.0145263671875,98.20159912109375,1301.7186279296875,1653.6559564954152,1653.1647528667663,2.8339952680879748,0.558857594159768,1.6530373670063143
608.9717407226562,coast,1235.9150390625,97.49016571044922,1303.5269775390625,1651.2158568801972,1650.5657024969237,3.1081439229972285,0.5650168305041635,1.8260634543207797
609.0106201171875,coast,1239.4403076171875,96.64183044433594,1305.864013671875,1648.623308862218,1647.8456211720984,3.4120774664423683,0.5811959651198366,2.022069179489224
609.0419921875,coast,1242.1934814453125,95.9084701538086,1307.5474853515625,1646.0157661760472,1645.0689841452295,3.3080725875047676,0.5851995625158676,1.975461462696938
609.0840454101562,coast,1245.9185791015625,94.97604370117188,1309.775146484375,1643.0066831280471,1642.3033500332053,2.9887910110174403,0.5869546054435527,1.802439964415821
609.120361328125,coast,1249.075439453125,94.15663146972656,1311.9466552734375,1640.184397518757,1639.6383730027653,3.0110191246642435,0.6000177725008745,1.8316279240602245
609.1594848632812,coast,1252.44091796875,93.27253723144531,1314.0877685546875,1637.1977053931348,1636.5114363849557,3.125594236204651,0.6155469250879259,1.9192827298867599
609.1907958984375,coast,1255.0025634765625,92.48196411132812,1315.525146484375,1634.0586547656103,1633.3513884880372,3.031130919230665,0.6265194979318717,1.8772185829964132
609.2268676757812,coast,1257.9517822265625,91.59979248046875,1317.172607421875,1630.6802499343448,1630.0409774053933,2.9585192921656556,0.6334535302659751,1.8499142614590527
609.2546997070312,coast,1260.1287841796875,90.86257934570312,1318.3006591796875,1627.6000001027273,1626.8095377581678,3.07030812221529,0.6427438545358749,1.9353268442471199
609.2855224609375,coast,1262.5494384765625,90.06871032714844,1319.640625,1624.3745697674558,1623.5390346007991,3.0719962103590412,0.645373280034756,1.9534443479074017
609.3124389648438,coast,1264.598876953125,89.34436798095703,1320.63818359375,1621.3104364277026,1620.5071244017558,2.9049301974718698,0.6426640792946787,1.862250863760565
609.347900390625,coast,1267.395751953125,88.4898452758789,1322.45166015625,1618.2319665587365,1617.3835365830373,2.8260001389600053,0.6453900060307048,1.8291688425156083
609.3781127929688,coast,1269.7674560546875,87.77993774414062,1323.8817138671875,1615.6857207664002,1614.7520827484705,2.9636607328371416,0.6440004898820432,1.9337080894138268
609.410888671875,coast,1272.3590087890625,87.03933715820312,1325.537841796875,1613.1733297502806,1612.1514187561304,3.0867085044843425,0.6428084223980419,2.0310504513609677
609.4417114257812,coast,1274.7359619140625,86.31517028808594,1326.9759521484375,1610.2563401245861,1609.4660829611341,2.9398906514328855,0.6445971663315027,1.950737458561961
609.4718017578125,coast,1277.03759765625,85.61112976074219,1328.2987060546875,1607.7205063025356,1607.0492606178534,2.6541681604523464,0.6321444491186429,1.775749719573527
609.505126953125,coast,1279.58154296875,84.8505859375,1329.755615234375,1605.3862374037124,1604.537295183877,2.524727433913989,0.610614952005487,1.7043318742296985
609.5286254882812,coast,1281.2823486328125,84.2562026977539,1330.64404296875,1602.9512016240922,1602.2048088045278,2.617185959706165,0.6031500902109664,1.7791628931678292
609.5596313476562,coast,1283.5859375,83.5351333618164,1332.030029296875,1600.2296799614335,1599.597477627162,2.9190777587413903,0.5909514811240519,2.0013472393210514
609.587646484375,coast,1285.6207275390625,82.86421203613281,1333.256103515625,1597.7771173502538,1597.1613842515287,2.9855738883859475,0.58094111817577,2.0634579914253854
609.62109375,coast,1288.119384765625,82.13552856445312,1334.775390625,1594.9650982983744,1594.810421014355,2.697552714996319,0.5673559785808368,1.8810720903487699
609.6467895507812,coast,1289.97607421875,81.54129791259766,1336.172607421875,1593.1000182938203,1592.9104380131182,2.452937052078071,0.5609928953977545,1.7230602529338734
609.677734375,coast,1292.274658203125,80.89291381835938,1337.6038818359375,1591.3710178025367,1590.9975344822499,2.3577884072897177,0.5509399667619638,1.6695292856441333
609.7009887695312,coast,1293.93798828125,80.36611938476562,1338.6116943359375,1589.2764863274233,1589.197728909922,2.527812846250397,0.5436085113792847,1.8015710362873485
609.7359008789062,coast,1296.543701171875,79.68074798583984,1340.4520263671875,1587.5395871402586,1587.42107482176,2.8296364787081716,0.5353787861582318,2.033842931514445
609.7588500976562,coast,1298.182373046875,79.17940521240234,1341.5137939453125,1585.831887025872,1586.035273492259,2.7888376118281255,0.5332503340435402,2.017224014046746
609.790283203125,coast,1300.4779052734375,78.55176544189453,1343.011962890625,1583.9040636093696,1584.3217698501612,2.5305481852233034,0.5327860326371091,1.84514764319203
609.8162841796875,coast,1302.34619140625,78.02454376220703,1344.177490234375,1582.5666037673398,1582.726459995762,2.347455094383217,0.5332926902179161,1.7232873567237763
609.8460083007812,coast,1304.477294921875,77.4359359741211,1345.5399169921875,1580.89379232899,1580.9902615762521,2.3602707562932648,0.5400612273756279,1.7458521673073828
609.8767700195312,coast,1306.6666259765625,76.82315826416016,1347.005126953125,1579.125761287642,1579.3352110489038,2.586523232404209,0.5433600802099311,1.928336572518435
609.9088745117188,coast,1308.9296875,76.1866683959961,1348.5411376953125,1577.3971741719338,1577.7537103122318,2.6247933468459843,0.5458545636759841,1.973181460174623
609.9313354492188,coast,1310.4908447265625,75.73094940185547,1349.8741455078125,1576.0912031416472,1576.5393575228825,2.5013481114052,0.5454547137102213,1.8917577078618433
609.965576171875,coast,1312.946044921875,75.11489868164062,1351.5927734375,1574.6919601315058,1575.0231077367932,2.3238352817403256,0.5480591718780147,1.7719986650587205
609.994873046875,coast,1314.9678955078125,74.53996276855469,1352.9376220703125,1573.064043385123,1573.4765534065684,2.337758650480492,0.5467244491690999,1.7963493566668738
610.0264892578125,coast,1317.141845703125,73.93167877197266,1354.4432373046875,1571.4293617225803,1571.9348818598376,2.452720006144654,0.5350707009737513,1.9001189266229965
610.0488891601562,coast,1318.6221923828125,73.46320343017578,1355.422119140625,1570.1030621026352,1570.5480759088105,2.4763931009519946,0.5257652137023936,1.9306695090068173
610.0718994140625,coast,1320.1375732421875,72.98812866210938,1356.3995361328125,1568.7573941199585,1569.2631956845528,2.4036198030834703,0.5215348249430782,1.886163142601368
610.1080322265625,coast,1322.595458984375,72.30841827392578,1358.0577392578125,1567.125447777421,1567.5725111576753,2.2070953685167436,0.5073718358723778,1.7483164782155822
610.1368408203125,coast,1324.515625,71.75843048095703,1359.322509765625,1565.6675806585079,1566.2466535754334,2.13819121440791,0.5018142655160103,1.706741543624538
610.1634521484375,coast,1326.2657470703125,71.2412109375,1360.4830322265625,1564.3151488237509,1564.9836565856235,2.2315879224277015,0.49047467207834083,1.7941690322177588
610.1890258789062,coast,1327.931640625,70.74308776855469,1361.6129150390625,1563.0405524576754,1563.677312722143,2.395451625907201,0.48585261283137926,1.939367541471417
610.219482421875,coast,1329.9456787109375,70.18488311767578,1363.3555908203125,1561.6833248937448,1562.2423545728673,2.4389725809232914,0.4840515352118581,1.9902665380531752
610.24609375,coast,1331.6717529296875,69.68951416015625,1364.568115234375,1560.6690775491393,1560.8971863077793,2.315117189187343,0.4869233537543652,1.9026919869493875
610.2754516601562,coast,1333.569091796875,69.1469955444336,1365.880859375,1559.3600191689256,1559.65703294196,2.1441363530827298,0.4834255728044491,1.7760802366963322
610.3018798828125,coast,1335.240966796875,68.64485168457031,1367.0089111328125,1557.9992219275784,1558.5274088438696,2.0434897917281534,0.4881594816541387,1.7051354886742327
610.3378295898438,coast,1337.55712890625,68.00618743896484,1368.65625,1556.587994776805,1557.2035538002744,2.088372316723016,0.48831135363291167,1.7589183191896172
610.3610229492188,coast,1339.05126953125,67.60773468017578,1369.750732421875,1555.8835888658036,1556.3033056090294,2.1986847973034567,0.4911287133897876,1.8626711338379323
610.3912353515625,coast,1340.996826171875,67.0990982055664,1371.2060546875,1554.7459127773202,1555.1523162306448,2.3028519855679654,0.4859394839554425,1.9656289784998815
610.412841796875,coast,1342.364013671875,66.72476196289062,1372.200439453125,1553.950018101923,1554.2335580645224,2.2833782816682464,0.4786988814302193,1.9599456207801962
610.4489135742188,coast,1344.6885986328125,66.14739990234375,1373.91357421875,1553.1146678941745,1553.0248148478706,2.0832159265392804,0.47686151936518795,1.803850825366252
610.4763793945312,coast,1346.412353515625,65.68212890625,1375.125244140625,1552.054967758571,1552.2146326447814,1.944199427515733,0.4748224194715448,1.6954673559040798
610.5072631835938,coast,1348.34912109375,65.17012786865234,1376.5068359375,1551.0211679108884,1551.1350097872996,1.9383513088294282,0.47344922883502966,1.7036427721754677
610.531494140625,coast,1349.8353271484375,64.75626373291016,1377.909423828125,1550.1434615301116,1550.029440721143,2.0526174846589074,0.47072906282552096,1.815530235403562
610.569580078125,coast,1352.198974609375,64.14596557617188,1379.7491455078125,1548.8703040681594,1548.6885355887077,2.2110769712815035,0.4654342619849901,1.9741731182647442
610.5924682617188,coast,1353.5738525390625,63.75153350830078,1380.7674560546875,1547.9755070820004,1547.7486054722342,2.1652186730681655,0.46267936626808936,1.9452116220800093
610.6282348632812,coast,1355.759521484375,63.175437927246094,1382.4017333984375,1546.858281265738,1546.4821182557353,1.9730247680807123,0.45316171425658686,1.7888164050642903
610.6502685546875,coast,1357.0716552734375,62.799930572509766,1383.342529296875,1546.0340485010825,1545.8052195394762,1.8644491251600965,0.4482127096120033,1.7005384511976969
610.6723022460938,coast,1358.387451171875,62.437774658203125,1384.3043212890625,1545.3284127208447,1545.0522927698014,1.8244724375939652,0.4464348088516429,1.6737437258054426
610.70751953125,coast,1360.49658203125,61.87578201293945,1385.8922119140625,1544.2606679068695,1543.6077593319924,1.945283537539168,0.4455678256045744,1.8007018947154645
610.739501953125,coast,1362.403076171875,61.371726989746094,1387.36767578125,1543.316289596998,1542.5781873167982,2.1109805264196093,0.4359093880823997,1.970004995323744
610.7709350585938,coast,1364.2652587890625,60.88310623168945,1388.7998046875,1542.3047676053072,1541.5798932714588,2.0699368098182926,0.4255827580139861,1.9472228993471665
610.8004760742188,coast,1366.0064697265625,60.42616653442383,1390.0982666015625,1541.408136122956,1540.7448865671251,1.8813790911611645,0.4189046844680924,1.7833378462979996
610.833740234375,coast,1367.983154296875,59.939056396484375,1391.5823974609375,1540.741800339786,1540.2094531427417,1.6766571518927462,0.40885951548285704,1.6022997336436977
610.8612670898438,coast,1369.597412109375,59.52812957763672,1392.7901611328125,1540.250183954933,1539.6512464806403,1.6140920578143056,0.40178474941612163,1.5531818156097261
610.89111328125,coast,1371.341552734375,59.09121322631836,1394.123046875,1539.452153988907,1538.62948495741,1.7050660660650445,0.3952731686833075,1.6528005515411852
610.9132690429688,coast,1372.6104736328125,58.757774353027344,1395.099609375,1538.6312522126293,1537.6979511676884,1.8754917494890302,0.3930532965991368,1.8282055723992248
610.94873046875,coast,1374.643310546875,58.2362174987793,1396.708740234375,1537.9261994391659,1536.7701563936166,2.19098405431998,0.3883461855517524,2.1545863753316956
610.9795532226562,coast,1376.3802490234375,57.77288055419922,1398.0552978515625,1537.2607849615224,1536.1493565850321,2.280540123825681,0.38536845263749847,2.2605332815291717
611.0101928710938,coast,1378.1124267578125,57.32842254638672,1399.789794921875,1536.4705702107647,1535.4711704385031,2.2090817473131796,0.3822680168740101,2.2067320948803926
611.0411987304688,coast,1379.8433837890625,56.87578201293945,1401.1329345703125,1535.6629449756997,1534.7100550478945,2.0443102267170783,0.384224715790963,2.0585201915422897
611.0732421875,coast,1381.638671875,56.42507553100586,1402.5325927734375,1535.015760351672,1534.2041198081884,1.831797509262683,0.3830462368970237,1.8594112126131321
611.099853515625,coast,1383.107421875,56.041343688964844,1403.6591796875,1534.5260031001917,1533.8046905376382,1.6535115394302442,0.38627060604496954,1.6900336202542172
611.1329956054688,coast,1384.93115234375,55.57239532470703,1405.06787109375,1534.0177317717835,1533.3514306972324,1.4718175053352216,0.3863578733436885,1.517106143795894
611.1541748046875,coast,1386.06689453125,55.253456115722656,1405.9249267578125,1533.6203571309472,1533.019373620899,1.3950576279448355,0.3861333291467438,1.4463156086386488
611.1869506835938,coast,1387.8310546875,54.7818603515625,1407.2864990234375,1532.9793842474278,1532.3317011094455,1.367135795101247,0.3870387923940503,1.4295764158085342
611.20703125,coast,1388.8929443359375,54.48240280151367,1408.1026611328125,1532.401338335311,1531.7972178888804,1.415438560153457,0.38938763268337895,1.4881945933694647
611.2401733398438,coast,1390.6627197265625,54.01091003417969,1409.50146484375,1531.3291647101626,1530.662778026737,1.6112050888203935,0.3923602718434221,1.7086896416418724
611.260498046875,coast,1391.74853515625,53.73039627075195,1410.380615234375,1530.8665695558077,1530.2063418844205,1.7794355765395455,0.3897375890416131,1.896820158697292
611.283447265625,coast,1392.9708251953125,53.41542053222656,1411.3773193359375,1530.7844978863152,1529.9656477672163,1.9398870543678988,0.38658114335953536,2.0798959088800792
611.3106079101562,coast,1394.455078125,53.079437255859375,1412.6103515625,1530.7596546423358,1529.8732665851035,2.017598678563235,0.383022004476525,2.176817787306441
611.3450927734375,coast,1396.317626953125,52.64986038208008,1414.1251220703125,1530.3224317526876,1529.585680644619,1.9653718059375893,0.3782740576454154,2.137807161861913
611.3795776367188,coast,1398.152587890625,52.212493896484375,1415.8636474609375,1529.836246231911,1529.1258332337038,1.802989715599199,0.3761005080987853,1.9777386904549024
611.4026489257812,coast,1399.380615234375,51.930946350097656,1416.8734130859375,1529.6666641139293,1529.0143895908718,1.6678493433067898,0.3764178490454269,1.8395176463252354
611.4352416992188,coast,1401.1102294921875,51.53498840332031,1418.2939453125,1529.4456141763062,1528.895941425354,1.4617705129588547,0.377241695396633,1.6247375453974242
611.4601440429688,coast,1402.4351806640625,51.24212646484375,1419.388671875,1529.4300398228763,1528.981773501488,1.3151550754190715,0.37507704318665885,1.4702023809917701
611.4844970703125,coast,1403.72021484375,50.95087432861328,1420.4456787109375,1529.4408922887867,1529.0435947689718,1.2042206805975095,0.3723629128497812,1.3539300430382333
611.5045166015625,coast,1404.781005859375,50.72172927856445,1421.331298828125,1529.4754789016272,1529.098202296088,1.1547244371219425,0.37096948284148784,1.3041631503114046
611.5359497070312,coast,1406.4205322265625,50.347007751464844,1422.6939697265625,1529.3132253793501,1529.0247408925004,1.1842161184261188,0.36835701464657605,1.3474103073103387
611.555908203125,coast,1407.4676513671875,50.1210823059082,1423.5849609375,1529.1841210096136,1528.8800707332312,1.2751485582081157,0.3669942335009832,1.4573682420979046
611.5880737304688,coast,1409.1207275390625,49.73670196533203,1424.9859619140625,1528.7816915509973,1533.8914118067783,1.4947057020493364,0.3659184454328542,1.7213558005708378
611.6095581054688,coast,1410.24365234375,49.499717712402344,1425.962646484375,1528.9501435485288,1533.843889296444,1.6218306788246764,0.3653607709132956,1.8765929803571224
611.6476440429688,coast,1412.173828125,49.045169830322266,1427.587158203125,1528.818143765783,1528.5282133128467,1.6429958012643797,0.3674869846011565,1.9186707876258091
611.6681518554688,coast,1413.223876953125,48.81343460083008,1428.4647216796875,1528.6943778086797,1528.4394509630151,1.561543274327299,0.366403421830632,1.8322688946251477
611.6954345703125,coast,1414.6153564453125,48.50665283203125,1429.61865234375,1528.585891122885,1528.342606162093,1.414520023664335,0.3636866479477509,1.6703495486747695
611.7153930664062,coast,1415.681884765625,48.329246520996094,1430.54248046875,1528.8753216305934,1528.645023235736,1.3095856863482456,0.36463288096416446,1.552173508933503
611.7442016601562,coast,1417.171142578125,48.034358978271484,1431.7969970703125,1529.1812915086366,1529.0046361802436,1.1813950725705447,0.36428969646219844,1.4088937492280895
611.7645874023438,coast,1418.240966796875,47.84503173828125,1432.719970703125,1529.510606699832,1529.2660503207107,1.1363557439679637,0.36642387166514395,1.3605623701657272
611.7941284179688,coast,1419.744873046875,47.53765106201172,1434.281494140625,1529.6007774736474,1529.5093832098298,1.1481181014450128,0.3672546550517242,1.3835251459901927
611.8141479492188,coast,1420.7838134765625,47.34861373901367,1435.205078125,1529.7194824204714,1534.279965260401,1.2145655391922068,0.36941360552145364,1.469403569023996
611.831298828125,coast,1421.67822265625,47.19443893432617,1436.010009765625,1529.854361799941,1534.567002874475,1.308018476200708,0.36966903354978503,1.5875759802272658
611.8626708984375,coast,1423.22412109375,46.8465576171875,1437.3631591796875,1529.7987346011894,1534.5365381843148,1.526856449656624,0.3698592660630527,1.8667641246980624
611.8892211914062,coast,1424.5341796875,46.56328201293945,1438.5238037109375,1529.9134958515524,1534.5200982042104,1.6809772676232815,0.3728204867481267,2.06753241270871
611.913330078125,coast,1425.714599609375,46.30492401123047,1439.560546875,1529.9709147018052,1534.473837977967,1.7287431966129474,0.3747776945430806,2.138081650089183
611.94482421875,coast,1427.2222900390625,45.946537017822266,1440.8505859375,1529.8854188373818,1530.4600947127155,1.6807608755432948,0.37575113279735844,2.0949910538326306
611.9767456054688,coast,1428.754150390625,45.59663009643555,1442.16015625,1529.766106009237,1530.1617985825628,1.562104818754518,0.3761036222655043,1.962141099711532
612.0031127929688,coast,1430.01611328125,45.309810638427734,1443.234375,1529.7416087882962,1529.971599582644,1.4277392525633703,0.37777973154264616,1.8048271155307405
612.0274047851562,coast,1431.171142578125,45.047218322753906,1444.2132568359375,1529.8503272447754,1530.0272124105386,1.2914168465640903,0.37585408385900515,1.6421097046645285
612.0471801757812,coast,1432.1109619140625,44.83681106567383,1445.01171875,1529.889977876632,1530.0806770357865,1.1844546116156147,0.37693060179876636,1.5132313988240869
612.0779418945312,coast,1433.5364990234375,44.48711013793945,1446.203125,1530.0291796291178,1530.233853363692,1.0493144311837115,0.37661414869829946,1.3511811053407146
612.0986328125,coast,1434.4930419921875,44.254638671875,1447.0081787109375,1530.0483613973283,1530.3624885799795,0.9959497605918992,0.37588516290326174,1.2892227518322366
612.1331176757812,coast,1436.042236328125,43.84121322631836,1448.2938232421875,1530.0930791199148,1533.8581079326696,1.0015237559787953,0.3776542490915215,1.308656881176744
612.1552124023438,coast,1437.0321044921875,43.58301544189453,1449.1287841796875,1533.5725680670316,1533.7177601052845,1.084318278492157,0.3787226926778251,1.4251892999272704
612.189208984375,coast,1438.528564453125,43.170021057128906,1450.3929443359375,1533.3608213679563,1533.4423761786477,1.2897082134050286,0.37518978745750386,1.711207526846374
612.2140502929688,coast,1439.66064453125,42.90663528442383,1451.3841552734375,1533.320659799534,1533.433946829545,1.4232944299917736,0.3763741317182452,1.8999129537308383
612.2393798828125,coast,1440.8165283203125,42.64540100097656,1452.3955078125,1529.95450495899,1533.4549519977102,1.4739477721925427,0.3732334086191126,1.9795190219507486
612.2591552734375,coast,1441.7249755859375,42.45113754272461,1453.188232421875,1529.9394647656395,1533.518424295576,1.4529362788121711,0.36964780997827007,1.9602450818866188
612.288818359375,coast,1443.0421142578125,42.12942123413086,1454.3023681640625,1529.8991780969268,1531.257403593513,1.3628103266517086,0.3664368269616662,1.8527684267584716
612.30859375,coast,1443.9310302734375,41.92627716064453,1455.0576171875,1530.0242309323773,1531.013328848206,1.2783359857666161,0.3638635509618057,1.7464124562627354
612.3333740234375,coast,1445.0206298828125,41.66059494018555,1455.9710693359375,1530.0165042703816,1530.763250794846,1.1564376211927558,0.3635945579649476,1.5900393306401133
612.3552856445312,coast,1445.981201171875,41.42797088623047,1456.7747802734375,1530.100034207706,1530.694372475571,1.0402938444700653,0.36114103420593757,1.4384465903845594
612.3804321289062,coast,1447.06494140625,41.151615142822266,1457.6722412109375,1530.2198047475715,1530.9055865493983,0.917569176469556,0.3577085566054968,1.2773285110011883
612.413330078125,coast,1448.4517822265625,40.77328872680664,1458.8084716796875,1530.5126817998905,1533.2023650532535,0.8106566278768128,0.35517952503964006,1.1390075753549096
612.438720703125,coast,1449.513671875,40.48206329345703,1459.6822509765625,1533.025656823517,1533.0424070310278,0.79151964948594,0.35452225591028047,1.1201246636207631
612.4691772460938,coast,1450.779052734375,40.13644027709961,1460.7369384765625,1532.9091915632455,1532.9131443704835,0.8495470984787747,0.35213792795952326,1.2125688194376527
612.49169921875,coast,1451.7227783203125,39.89066696166992,1461.536865234375,1532.8468466426034,1532.8491993631592,0.9461301562526095,0.34982181833565235,1.3586913252199668
612.5245971679688,coast,1453.0601806640625,39.50831604003906,1462.659912109375,1532.6189629282226,1532.6189629282226,1.1629807760743442,0.3467994471424064,1.6860919607728853
612.55126953125,coast,1454.1309814453125,39.194252014160156,1463.567138671875,1532.454389501953,1532.454389501953,1.37849542182772,0.3444555873358019,2.014311365252559
612.577392578125,coast,1455.1746826171875,38.891048431396484,1464.4539794921875,1532.2852763427734,1532.2852763427734,1.523376838175211,0.3425300985386098,2.2431502366480776
612.60107421875,coast,1456.1453857421875,38.640743255615234,1465.28515625,1532.2547587646484,1532.2547587646484,1.5686791866121468,0.33852587429045017,2.324731937085414
612.6461791992188,coast,1457.9156494140625,38.117305755615234,1467.270751953125,1531.9931883609618,1531.9931883609618,1.5204338683168803,0.3317635908063075,2.284219310353718
612.6661376953125,coast,1458.7080078125,37.89849853515625,1467.94921875,1531.0285371103937,1531.9321985996094,1.4728343823513343,0.32576128751157785,2.2255432896282543
612.6934814453125,coast,1459.7830810546875,37.5996208190918,1468.866455078125,1530.3542964811004,1531.842987577994,1.3857598188682543,0.32054228632868675,2.110719912274112
612.7177124023438,coast,1460.7237548828125,37.329071044921875,1469.662109375,1530.3434873760557,1531.9798595872994,1.3010535801150664,0.3175311599891384,1.9961577896557228
612.7466430664062,coast,1461.8240966796875,36.99531555175781,1470.582275390625,1530.1822005887445,1531.0653718126305,1.17843088935308,0.31333872352524184,1.824455158214653
612.7665405273438,coast,1462.5908203125,36.7794303894043,1471.231689453125,1530.073285690472,1530.6813288178516,1.082577800433373,0.31072489300411477,1.6859759542787007
612.800048828125,coast,1463.885498046875,36.42514419555664,1472.3319091796875,1530.005522771683,1530.3426066201632,0.8987798306829854,0.30433405042232237,1.4134698692502923
612.8200073242188,coast,1464.6689453125,36.228172302246094,1473.004150390625,1530.1483611871156,1530.4637761705299,0.7807839040863652,0.301179554483258,1.2346385480281392
612.85546875,coast,1466.0086669921875,35.842716217041016,1474.1268310546875,1530.2782543513572,1530.4356925722773,0.5695869780322059,0.29427381279331943,0.9104271839307936
612.8779296875,coast,1466.876708984375,35.6221809387207,1474.8697509765625,1530.462196961744,1530.557582753089,0.4451810100169106,0.2888308454319907,0.716005155515293
612.9126586914062,coast,1468.1785888671875,35.259429931640625,1475.9697265625,1531.3357125996608,1531.3817864068294,0.302402173347582,0.2852669456339684,0.4913846729841976
612.93896484375,coast,1469.169921875,34.995819091796875,1476.81689453125,1531.6074546054688,1531.6074546054688,0.28721452336165015,0.28329311635839827,0.4702221856145593
612.9649658203125,coast,1470.143798828125,34.735713958740234,1477.65673828125,1531.6449530795899,1531.6449530795899,0.36000718852222097,0.2786700877104516,0.5938025058148926
613.0004272460938,coast,1471.443359375,34.36918640136719,1478.7818603515625,1531.6250144199219,1531.6250144199219,0.5268729395791942,0.28110198950134496,0.8782643567377324
613.0209350585938,coast,1472.2227783203125,34.18874740600586,1479.4791259765625,1531.8173567413328,1531.8173567413328,0.6381680622596176,0.28073859259615114,1.0693603498317013
613.044921875,coast,1473.12451171875,33.97343444824219,1480.284423828125,1531.9654947875977,1531.9654947875977,0.7786692020659615,0.2821778217614859,1.3129861538934744
613.0648803710938,coast,1473.8980712890625,33.8174934387207,1480.9559326171875,1532.1932608245852,1532.1932608245852,0.9644003344623149,0.28198735787737766,1.6335065477963686
613.09619140625,coast,1475.07177734375,33.55046844482422,1482.1497802734375,1532.4323794006348,1532.4323794006348,1.9590073690647585,0.28093555101029977,3.3416986528458876
613.1176147460938,coast,1475.9197998046875,33.4092903137207,1482.9368896484375,1532.078937361493,1532.7969930124054,1.901963586675485,0.28128314056838705,3.258284967607107
613.1522827148438,coast,1477.2213134765625,33.12864303588867,1484.077880859375,1533.0998350231555,1533.1759737985838,1.7478281704510603,0.2803600522697501,3.0200577877539945
613.1720581054688,coast,1478.02880859375,33.0302734375,1484.8277587890625,1533.6295764527522,1533.6490122812502,1.6764911964999245,0.2807877957974803,2.905622663965485
613.2066040039062,coast,1479.349853515625,32.791046142578125,1486.0145263671875,1534.1566844003905,1534.1566844003905,1.5618285435794204,0.2814577859876808,2.7269214365026797
613.2296752929688,coast,1480.300537109375,32.69346237182617,1486.9088134765625,1534.7756517397847,1534.7755831735838,1.4929731789675367,0.28372801777686274,2.614641237397309
613.262939453125,coast,1481.58154296875,32.48550796508789,1488.07373046875,1535.3495440500487,1535.3495440500487,1.3943884465260854,0.28763932148316806,2.4578209478274626
613.2893676757812,coast,1482.61474609375,32.341556549072266,1489.0244140625,1535.8563457895561,1535.9444012056883,1.2932908130932785,0.29205219789791437,2.2899530407185322
613.3184814453125,coast,1483.702880859375,32.145423889160156,1490.00048828125,1535.6947670372565,1536.1963757793853,1.1427425533364377,0.293657921230864,2.0359590094966795
613.3475952148438,coast,1484.759521484375,31.930776596069336,1491.2276611328125,1535.743620747494,1535.9847231338224,0.933755202876099,0.29799670101539943,1.6750294021949916
613.37841796875,coast,1485.837158203125,31.675039291381836,1492.18505859375,1536.045172023519,1536.2109075645003,0.6898931547092477,0.30172816829235205,1.2477243367042372
613.4057006835938,coast,1486.769287109375,31.437456130981445,1493.00634765625,1536.508429226412,1536.5920882380972,0.49626785574198434,0.3050415077069568,0.9043890832610907
613.4330444335938,coast,1487.67529296875,31.18195915222168,1493.794677734375,1537.0733309581321,1537.0855096521177,0.3269202313741669,0.3095252087412498,0.6006826941040639
613.453857421875,coast,1488.357177734375,30.984567642211914,1494.388427734375,1537.132497904857,1537.0561221451956,0.21369515391874722,0.31290070092882116,0.3951527237052863
613.478271484375,coast,1489.1336669921875,30.73916244506836,1495.05224609375,1537.2886828164062,1537.2886828164062,0.11913374353691866,0.3158602110465882,0.22205636014756389
613.4983520507812,coast,1489.7576904296875,30.52951431274414,1495.583740234375,1537.2418322304688,1537.2418322304688,0.13374913868317978,0.3184512561108803,0.2510099589260711
613.518310546875,coast,1490.3670654296875,30.315258026123047,1496.1055908203125,1537.223171810669,1537.223171810669,0.2134868108982461,0.3216966793751556,0.4034829931717631
613.5481567382812,coast,1491.2498779296875,29.97830581665039,1496.86181640625,1537.0614324613039,1537.0614324613039,0.35511843883733757,0.3247313032950892,0.6786853220554607
613.5681762695312,coast,1491.8468017578125,29.761449813842773,1497.3780517578125,1536.9861026807253,1536.9861026807253,0.4529844077713075,0.32768917402716574,0.8720035812289165
613.5951538085938,coast,1492.6409912109375,29.46880531311035,1498.061767578125,1536.8730941815797,1536.8730941815797,0.5863421250917372,0.32073370827553166,1.1398662581996273
613.6166381835938,coast,1493.2628173828125,29.244522094726562,1498.5985107421875,1536.8662336669922,1536.8662336669922,0.690527819084636,0.3178343353851673,1.3526286785579342
613.65185546875,coast,1494.2711181640625,28.85729217529297,1499.487548828125,1536.7128446899414,1536.7128446899414,1.740530500096617,0.32095614705507564,3.4516192350364303
613.6721801757812,coast,1494.8338623046875,28.619131088256836,1500.0091552734375,1536.636130552609,1536.561105569458,1.582779591861059,0.3210661094016312,3.16551541730929
613.6995849609375,coast,1495.5909423828125,28.302696228027344,1500.6265869140625,1536.431587944092,1536.431587944092,1.4610863185239504,0.3209504431281807,2.955189560215679
613.7197265625,coast,1496.1314697265625,28.06409454345703,1501.064208984375,1536.2801704025878,1536.2801704025878,1.3813672234974586,0.3214690667545647,2.8179311458721608
613.7537841796875,coast,1497.051513671875,27.673145294189453,1501.8157958984375,1536.0664615250244,1536.0664615250244,1.2602695022503847,0.3204818870412199,2.6075194845271015
613.7742309570312,coast,1497.5810546875,27.424699783325195,1502.23974609375,1535.9279500808107,1535.9279500808107,1.1941852948445992,0.32009991593150605,2.4933210694820156
613.799560546875,coast,1498.237548828125,27.12323570251465,1502.7684326171875,1535.740344795166,1535.740344795166,1.113218325767637,0.3205048463798328,2.3502702278355034
613.819580078125,coast,1498.74755859375,26.882850646972656,1503.4381103515625,1535.5772764052736,1535.5772764052736,1.0484914699937442,0.32063689185076594,2.2335318361928187
613.8495483398438,coast,1499.5230712890625,26.539913177490234,1504.10888671875,1535.392564186035,1535.392564186035,0.9398531953172297,0.3207625102419674,2.0281576528040555
613.8709106445312,coast,1500.058837890625,26.286413192749023,1504.5665283203125,1535.2867320110474,1535.2867320110474,0.8497840094683037,0.3222251867074611,1.8516062273825116
613.899658203125,coast,1500.7794189453125,25.952566146850586,1505.18359375,1535.1059260418092,1535.1059260418092,0.7086494889538562,0.3247501597537741,1.564104995639869
613.9194946289062,coast,1501.265869140625,25.718170166015625,1505.5963134765625,1534.9595070888672,1534.9595070888672,0.6006645850584815,0.326516837694902,1.3379369416532367
613.9544677734375,coast,1502.1378173828125,25.326370239257812,1506.343505859375,1534.8397340048828,1534.8397340048828,0.4102804005016813,0.33022441856146206,0.9280950690446182
613.9747924804688,coast,1502.6431884765625,25.101789474487305,1506.7763671875,1534.7611951102294,1534.7611951102294,0.30753677549141123,0.3327273411449074,0.7019291494921016
614.0050659179688,coast,1503.3951416015625,24.774507522583008,1507.423583984375,1534.6622151602783,1534.6622151602783,0.16608793268798272,0.33653853959928315,0.3841043057534089
614.0250244140625,coast,1503.8826904296875,24.556705474853516,1507.8397216796875,1534.5834786643068,1534.5834786643068,0.08729314497111611,0.3392206161767886,0.20367177207835063
614.0421142578125,coast,1504.2974853515625,24.370147705078125,1508.1766357421875,1534.5769171142579,1534.5769171142579,0.0688734630919217,0.3418331733182296,0.16192549578867402
614.07177734375,coast,1505.0137939453125,24.05145835876465,1508.80322265625,1534.4965023422242,1534.4965023422242,0.16978242222930143,0.34567407042993753,0.4044517594559942
614.0928344726562,coast,1505.5145263671875,23.821895599365234,1509.2327880859375,1534.4233278656006,1534.4233278656006,0.2590636462416309,0.34833440722145576,0.6230683189436633
614.1224365234375,coast,1506.2132568359375,23.502695083618164,1509.840576171875,1534.3764290366212,1534.3764290366212,0.38640476701960264,0.3531186701521686,0.9419076325370881
614.15185546875,coast,1506.898681640625,23.18631935119629,1510.4326171875,1534.302552083496,1534.302552083496,0.5197139731093412,0.3571702772119128,1.284051658300302
614.184814453125,coast,1507.648681640625,22.82577133178711,1511.0103759765625,1534.187236836914,1534.187236836914,0.8608588001264879,0.36092455741742613,2.1598486092003673
614.2144165039062,coast,1508.326171875,22.51323890686035,1511.7261962890625,1534.3851911632696,1534.1678998607788,1.3238445367548477,0.36405474547983663,3.3652847901538228
614.2474365234375,coast,1509.0753173828125,22.1682186126709,1512.3551025390625,1534.1234986919555,1534.1234986919555,1.1513203132629275,0.3666139390545497,2.973021049704467
614.2730712890625,coast,1509.6492919921875,21.900920867919922,1512.84326171875,1534.0826884884032,1534.0826884884032,1.0566333418833773,0.3687260249865677,2.7621543270059554
614.3064575195312,coast,1510.389892578125,21.555145263671875,1513.4747314453125,1534.0789981582031,1534.0789981582031,0.950216854009833,0.36960851269882167,2.524139309903936
614.3267211914062,coast,1510.8355712890625,21.34684181213379,1513.85498046875,1534.0664092757568,1534.0664092757568,0.8903508236990846,0.3699104737100828,2.388353014769967
614.35107421875,coast,1511.360107421875,21.091712951660156,1514.30029296875,1534.0296619155274,1534.0296619155274,0.8172761579901505,0.36871324299633645,2.2190260084995925
614.3724365234375,coast,1511.8175048828125,20.870983123779297,1514.689453125,1534.001453755127,1534.001453755127,0.7472908116675435,0.36647569096643123,2.0506138206911766
614.4022827148438,coast,1512.44970703125,20.56302261352539,1515.226318359375,1534.0082810196534,1534.0082810196534,0.634332123249685,0.3639422912682039,1.7669110279007074
614.4220581054688,coast,1512.8631591796875,20.358415603637695,1515.575927734375,1533.9920584473266,1533.9920584473266,0.5484180752360419,0.36239885726447296,1.5430691869349933
614.4505615234375,coast,1513.4471435546875,20.060415267944336,1516.0648193359375,1533.9502421173704,1533.9502421173704,0.41442439263001724,0.36159266784421423,1.1834945184099068
614.4702758789062,coast,1513.8509521484375,19.858062744140625,1516.402587890625,1533.9291104111328,1533.9291104111328,0.32344478758716544,0.3596849899952105,0.9331415116241999
614.5060424804688,coast,1514.565673828125,19.485164642333984,1516.996337890625,1533.922603112793,1533.922603112793,0.17479303631491552,0.35624713228660554,0.5139620233682334
614.5259399414062,coast,1514.957275390625,19.277414321899414,1517.31494140625,1533.8987040344239,1533.8987040344239,0.11393137152628122,0.3554219932580121,0.338619621471061
614.5653686523438,coast,1515.71875,18.86390495300293,1517.9375,1533.833159906006,1533.833159906006,0.13954102374837732,0.35459636276223244,0.4238234832830462
614.586669921875,coast,1516.12744140625,18.644283294677734,1518.2803955078125,1533.8026079956055,1533.8026079956055,0.20680480571670173,0.3542641588392866,0.6355061467831095
614.60986328125,coast,1516.566650390625,18.40453338623047,1518.6502685546875,1533.834170324463,1533.834170324463,0.2882285262663706,0.35414500538558374,0.8972206930054566
614.6484375,coast,1517.2769775390625,18.000028610229492,1519.237060546875,1533.7759383984985,1533.7759383984985,0.44993956802014806,0.35502148390540905,1.4319016683341006
614.6746215820312,coast,1517.7554931640625,17.72977066040039,1519.599609375,1533.7409639188234,1533.7409639188234,0.8141814510073623,0.35551396842531063,2.6292732101467693
614.7073974609375,coast,1518.343505859375,17.389835357666016,1520.16552734375,1533.7583555031738,1533.7583555031738,1.0089107336744967,0.35505881213541285,3.3204224001378866
614.72802734375,coast,1518.71337890625,17.180315017700195,1520.4866943359375,1533.7510919381104,1533.7510919381104,0.9336453584299929,0.3540787406307727,3.110616491194843
614.7644653320312,coast,1519.3458251953125,16.801895141601562,1520.99658203125,1533.7023824501953,1533.7023824501953,0.8252627010660784,0.35118876868355264,2.8119506749235796
614.7874145507812,coast,1519.7432861328125,16.5687313079834,1521.320556640625,1533.7394478563842,1533.7394478563842,0.7671169797437187,0.349104574422371,2.6508487105177814
614.819091796875,coast,1520.2821044921875,16.24650764465332,1521.7586669921875,1533.730485988098,1533.730485988098,0.6889343722988057,0.3466640107295206,2.428177073055961
614.840576171875,coast,1520.645751953125,16.031091690063477,1522.05615234375,1533.7279263262328,1533.7279263262328,0.6336636779905288,0.3454079548402193,2.263561616652426
614.873291015625,coast,1521.1822509765625,15.697158813476562,1522.4893798828125,1533.6967394594726,1533.6967394594726,0.5361558192575432,0.3425200441334138,1.9562475002314574
614.8990478515625,coast,1521.6021728515625,15.438142776489258,1522.828857421875,1533.7506252939454,1533.7506252939454,0.440520165425359,0.3377703022417099,1.6344646952708743
614.9290161132812,coast,1522.0791015625,15.134081840515137,1523.9466552734375,1533.7410565073242,1533.7410565073242,0.3159554086232568,0.3341312091653386,1.195994725086382
614.9599609375,coast,1522.564453125,14.821711540222168,1524.36767578125,1533.7266155893556,1533.7266155893556,0.19407105901848587,0.33104668999055087,0.7501709356824604
614.9918212890625,coast,1523.0533447265625,14.49999713897705,1524.7901611328125,1533.770802935028,1533.770802935028,0.08241625106505303,0.3305577723718672,0.3256588572732858
615.0184936523438,coast,1523.460205078125,14.23553466796875,1525.1331787109375,1533.7809695800781,1533.7809695800781,0.03544308574490827,0.32870213148114874,0.14265252956010954
615.04296875,coast,1523.82763671875,13.99312973022461,1525.44775390625,1533.784793814087,1533.784793814087,0.10203425791899207,0.32922224251751175,0.4177784990633205
615.06298828125,coast,1524.1290283203125,13.799822807312012,1525.710205078125,1533.7962250312805,1533.7962250312805,0.16751812059365373,0.3294544288628419,0.6954879075788094
615.093994140625,coast,1524.578369140625,13.491273880004883,1526.0958251953125,1533.8555865726319,1533.8555865726319,0.2776209796978462,0.3290757740976728,1.1788557527464103
615.1167602539062,coast,1524.9189453125,13.278226852416992,1526.3876953125,1533.8978969058837,1533.8978969058837,0.3881069068887399,0.32950990907770816,1.674211380320177
615.1580810546875,coast,1525.4923095703125,12.865455627441406,1526.8887939453125,1533.8933814487305,1533.8933814487305,0.6520454875210799,0.3288112622728713,2.901375353518795
615.1779174804688,coast,1525.7763671875,12.679231643676758,1527.14208984375,1533.9727068242798,1533.9727068242798,0.6985698294985214,0.32933936571105166,3.153556823289655
615.2086791992188,coast,1526.1944580078125,12.378372192382812,1527.512939453125,1533.9996803579102,1533.9996803579102,0.6458102290212921,0.33009511139647674,2.9865544292146122
615.236083984375,coast,1526.560546875,12.111282348632812,1527.8243408203125,1534.0185524282226,1534.0185524282226,0.5746935084282387,0.330514309493891,2.7167092364764525
615.2562255859375,coast,1526.832275390625,11.921432495117188,1528.0574951171875,1534.0434761342774,1534.0434761342774,0.5278560879878407,0.3307049511563852,2.5352812694309312
615.283447265625,coast,1527.1826171875,11.657732009887695,1528.35498046875,1534.1110715993652,1534.1110715993652,0.4672019427636925,0.33309325607160606,2.2949903052314164
615.3033447265625,coast,1527.4412841796875,11.469549179077148,1528.577392578125,1534.1439191945801,1534.1439191945801,0.41817722214711883,0.33519106637692586,2.088066522674707
615.3306884765625,coast,1527.77978515625,11.202704429626465,1528.8642578125,1534.162206471802,1534.162206471802,0.33474891517385486,0.33741556338382767,1.7115505304087557
615.3538818359375,coast,1528.064453125,10.978864669799805,1529.1044921875,1534.1782667287598,1534.1782667287598,0.25214876314002493,0.33968506310272717,1.3156661493690582
615.3843994140625,coast,1528.4234619140625,10.678546905517578,1529.4010009765625,1534.2368100101319,1534.2368100101319,0.14859074419113236,0.3434708881313136,0.7972126896521596
615.4119873046875,coast,1528.7427978515625,10.408440589904785,1529.66552734375,1534.2590290004578,1534.2590290004578,0.06665406234125773,0.3482574206753908,0.36690839738340264
615.44189453125,coast,1529.08203125,10.117629051208496,1529.9276123046875,1534.2783697063294,1534.2783697063294,0.015226881192869959,0.3554938432284174,0.08622923062092014
615.4590454101562,coast,1529.2884521484375,9.963240623474121,1530.1024169921875,1534.314963334259,1534.314963334259,0.05837911463833431,0.35943133581840786,0.33571793833214275
615.4862670898438,coast,1529.5882568359375,9.70104694366455,1530.3494873046875,1534.385953779602,1534.385953779602,0.12635829200624965,0.3655631095740869,0.7462480592213458
615.5065307617188,coast,1529.8157958984375,9.51290225982666,1530.5396728515625,1534.4253481582641,1534.4253481582641,0.17884002265604199,0.3701985095145467,1.0770184859951664
615.5340576171875,coast,1530.1058349609375,9.246746063232422,1530.76953125,1534.4492310241699,1534.4492310241699,0.2690604196920552,0.37533119571576457,1.6667136468805013
615.5609741210938,coast,1530.38330078125,8.987706184387207,1530.992431640625,1534.4676569656372,1534.4676569656372,0.4077152794469532,0.380734472914971,2.597365767995643
615.5852661132812,coast,1530.63037109375,8.755352020263672,1531.2100830078125,1534.5384744119874,1534.5384744119874,0.47788852079287264,0.38615278466751873,3.1242435723626647
615.6050415039062,coast,1530.834228515625,8.571675300598145,1531.3956298828125,1534.5770227861633,1534.5770227861633,0.46994568294590777,0.3902317700396195,3.138123370529777
615.6400146484375,coast,1531.1600341796875,8.227208137512207,1531.6495361328125,1534.5928080034485,1534.5928080034485,0.39028626334396566,0.39686664970386515,2.7159886515190164
615.66650390625,coast,1531.4052734375,7.970925807952881,1531.8424072265625,1534.6073931646577,1534.6073931646577,0.34137252469896556,0.40019142355330284,2.452319870781252
615.6990356445312,coast,1531.6883544921875,7.64949369430542,1532.0615234375,1534.669805447632,1534.669805447632,0.2827814025302611,0.40524494226287666,2.1171082735821893
615.7217407226562,coast,1531.8883056640625,7.432101726531982,1532.21923828125,1534.695843045288,1534.695843045288,0.23711433222430592,0.40699065046831323,1.827349023988623
615.7508544921875,coast,1532.129150390625,7.146780014038086,1532.4039306640625,1534.7084304018556,1534.7084304018556,0.17102900629058368,0.4079709706772072,1.3708789440202083
615.7788696289062,coast,1532.351806640625,6.871541976928711,1532.570068359375,1534.710896222168,1534.710896222168,0.10790080111641254,0.4086041978444173,0.8996164885785443
615.7992553710938,coast,1532.51513671875,6.676198959350586,1532.6932373046875,1534.7858344902954,1534.7858344902954,0.06767911577273245,0.40840112389463423,0.5808087646100308
615.8269653320312,coast,1532.7208251953125,6.402631759643555,1532.8345947265625,1534.800025927063,1534.800025927063,0.030869859162733836,0.4067202087041603,0.2762456135989906
615.84716796875,coast,1532.8712158203125,6.207345008850098,1532.9364013671875,1534.8137158265076,1534.8137158265076,0.04144804046375099,0.4049664609089199,0.38257298267757733
615.8786010742188,coast,1533.083251953125,5.8924102783203125,1533.0841064453125,1534.8052976479491,1534.8052976479491,0.08632155185448172,0.4031788208764545,0.8393011690914244
615.9010620117188,coast,1533.2342529296875,5.671648025512695,1533.189208984375,1534.8720357449952,1534.8720357449952,0.1221716587223132,0.4019306925434911,1.23400430093068
615.9295043945312,coast,1533.4127197265625,5.387485504150391,1533.279541015625,1534.8800050290529,1534.8800050290529,0.21985199695853272,0.3995039184064902,2.3368241466806867
615.9552001953125,coast,1533.569091796875,5.132259845733643,1533.4251708984375,1534.8832417043152,1534.8832417043152,0.28743420413577,0.39685529525704566,3.2055236772594626
615.9928588867188,coast,1533.776611328125,4.751058578491211,1533.57275390625,1534.9263031173705,1534.9263031173705,0.24003979603168113,0.3921956332591253,2.8923202302266504
616.0160522460938,coast,1533.906005859375,4.522665977478027,1534.121826171875,1534.9415013481141,1534.9415013481141,0.2093426860509049,0.3892599018519907,2.6501840477341747
616.0404663085938,coast,1534.034912109375,4.281442642211914,1534.2264404296875,1534.949795930481,1534.949795930481,0.18004611939468224,0.38749788199735935,2.4080220385889
616.060302734375,coast,1534.1396484375,4.088987350463867,1534.3115234375,1534.958304612732,1534.958304612732,0.15692903979406553,0.3854578762944963,2.19784516499656
616.09033203125,coast,1534.2802734375,3.7892937660217285,1534.421630859375,1535.0114549439086,1535.0114549439086,0.1194029145788289,0.3824387152741515,1.8048271155307405
616.1118774414062,coast,1534.3809814453125,3.578233480453491,1534.500732421875,1535.0277388374939,1535.0277388374939,0.09079987147478423,0.38015462569843994,1.453603633926464
616.14111328125,coast,1534.5020751953125,3.2857441902160645,1534.591796875,1535.0318368713988,1535.0318368713988,0.05428203810835752,0.3765517707977703,0.9464671039731889
616.16259765625,coast,1534.5902099609375,3.0741889476776123,1534.658203125,1535.0353495400086,1535.0353495400086,0.03203778513706345,0.37437503070846406,0.5970886805793149
616.1947021484375,coast,1534.7037353515625,2.7505640983581543,1534.73876953125,1535.08760308107,1535.08760308107,0.010617793236363764,0.37114928452215523,0.22117343813542073
616.2222290039062,coast,1534.7987060546875,2.477975845336914,1534.8065185546875,1535.1007973082885,1535.1007973082885,0.01939740492778904,0.3691372270813103,0.44849780846398174
616.248291015625,coast,1534.8817138671875,2.2195091247558594,1534.8642578125,1535.1062651046143,1535.1062651046143,0.03282960445663542,0.3674026018057471,0.8474218904885994
616.2748413085938,coast,1534.9591064453125,1.955751895904541,1534.916015625,1535.1541228244935,1535.1541228244935,0.04595177276325273,0.3645732018709094,1.3459571845644185
616.2966918945312,coast,1535.0211181640625,1.7418304681777954,1534.957275390625,1535.173350257698,1535.173350257698,0.06204920464795566,0.3634096492560071,2.0401841218285672
616.324951171875,coast,1535.087890625,1.4601449966430664,1534.998046875,1535.1837856243287,1535.1837856243287,0.07499099841575009,0.3606364853283288,2.9400476711559955
616.3506469726562,coast,1535.142822265625,1.2043005228042603,1535.028076171875,1535.1875483701858,1535.1875483701858,0.06816848844885305,0.3581436611117245,3.23972563608489
616.38232421875,coast,1535.1966552734375,0.8857147097587585,1535.0496826171875,1535.2361932444135,1535.2361932444135,0.04420057101372267,0.3568088691438075,2.856909754804954
616.4076538085938,coast,1535.2369384765625,0.6340224146842957,1535.064453125,1535.251307218031,1535.251307218031,0.02888915000440872,0.3560261409860188,2.6088703678788834
616.4403686523438,coast,1535.273193359375,0.30473190546035767,1535.0673828125,1535.254633049921,1535.254633049921,0.012183954793268456,0.35494955823376506,2.2896111043732086
616.4611206054688,coast,1535.297607421875,0.10067559778690338,1535.071044921875,1535.2586414816537,1535.2586414816537,0.003598328588792979,0.35492833120805556,2.0469837885907265
